,Algoritmo,MÃ©trica,Valor
0,RedeNeural,MAE,814318.0192146667
1,RedeNeural,MAE,814312.4988501082
2,RedeNeural,MAE,814314.0103778128
3,RedeNeural,MAE,814318.4458845467
4,RedeNeural,MAE,814318.666366048
5,RedeNeural,MAE,814318.6171687734
6,RedeNeural,MAE,814322.3525829106
7,RedeNeural,MAE,814322.4336262387
8,RedeNeural,MAE,814321.6414234972
9,RedeNeural,MAE,814299.7159154791
10,RedeNeural,MAE,814305.7936320744
11,RedeNeural,MAE,814306.0111499471
12,RedeNeural,MAE,814308.0089926323
13,RedeNeural,MAE,814307.6796728142
14,RedeNeural,MAE,814309.6510047651
15,RedeNeural,MAE,814314.750754369
16,RedeNeural,MAE,814314.0110463217
17,RedeNeural,MAE,814316.2457764965
18,RedeNeural,MAE,814267.4626373095
19,RedeNeural,MAE,814271.2597018094
20,RedeNeural,MAE,814265.0383788954
21,RedeNeural,MAE,814288.566180982
22,RedeNeural,MAE,814287.7254837563
23,RedeNeural,MAE,814287.4417008936
24,RedeNeural,MAE,814304.9323834787
25,RedeNeural,MAE,814299.4237377016
26,RedeNeural,MAE,814299.2709832108
27,RedeNeural,MAE,814110.8010953937
28,RedeNeural,MAE,814042.5263801374
29,RedeNeural,MAE,814147.5818674982
30,RedeNeural,MAE,814312.5272687778
31,RedeNeural,MAE,814311.6103424692
32,RedeNeural,MAE,814312.5855975904
33,RedeNeural,MAE,814322.2392749075
34,RedeNeural,MAE,814321.3014295101
35,RedeNeural,MAE,814322.4350752768
36,RedeNeural,MAE,813148.154445916
37,RedeNeural,MAE,813611.5045177393
38,RedeNeural,MAE,813250.7005155463
39,RedeNeural,MAE,814298.7674574768
40,RedeNeural,MAE,814298.8359646295
41,RedeNeural,MAE,814299.7022088034
42,RedeNeural,MAE,814310.6692629278
43,RedeNeural,MAE,814313.9943095341
44,RedeNeural,MAE,814312.8305879559
45,RedeNeural,MAE,809824.9900931643
46,RedeNeural,MAE,810043.4013992443
47,RedeNeural,MAE,810095.6787971363
48,RedeNeural,MAE,814273.2353897596
49,RedeNeural,MAE,814275.0286612929
50,RedeNeural,MAE,814275.551573402
51,RedeNeural,MAE,814296.9700194242
52,RedeNeural,MAE,814293.009062834
53,RedeNeural,MAE,814298.9498194226
54,RedeNeural,MAE,808297.133147658
55,RedeNeural,MAE,809216.0482391893
56,RedeNeural,MAE,810227.4177768105
57,RedeNeural,MAE,814311.5978743654
58,RedeNeural,MAE,814311.4328914274
59,RedeNeural,MAE,814313.2955365767
60,RedeNeural,MAE,814319.3242760123
61,RedeNeural,MAE,814319.005684861
62,RedeNeural,MAE,814320.139973402
63,RedeNeural,MAE,774361.7003441526
64,RedeNeural,MAE,763716.9335080866
65,RedeNeural,MAE,777351.0266455935
66,RedeNeural,MAE,814299.4289248533
67,RedeNeural,MAE,814300.6021654815
68,RedeNeural,MAE,814300.0462453909
69,RedeNeural,MAE,814312.6803881662
70,RedeNeural,MAE,814311.8299312675
71,RedeNeural,MAE,814315.7843411262
72,RedeNeural,MAE,521163.4944147478
73,RedeNeural,MAE,483433.05177494517
74,RedeNeural,MAE,511136.62892338267
75,RedeNeural,MAE,814275.0807129542
76,RedeNeural,MAE,814275.4614581058
77,RedeNeural,MAE,814275.9485496889
78,RedeNeural,MAE,814296.9770298004
79,RedeNeural,MAE,814297.9606664223
80,RedeNeural,MAE,814300.7671097454
81,RedeNeural,MAE,812641.6119124806
82,RedeNeural,MAE,812695.5532731038
83,RedeNeural,MAE,812482.3326304889
84,RedeNeural,MAE,814216.0676406057
85,RedeNeural,MAE,814215.2502164673
86,RedeNeural,MAE,814215.4083954326
87,RedeNeural,MAE,814219.3374719118
88,RedeNeural,MAE,814218.3945956648
89,RedeNeural,MAE,814221.4799609602
90,RedeNeural,MAE,811044.6144795334
91,RedeNeural,MAE,810702.4776076977
92,RedeNeural,MAE,810991.7232512926
93,RedeNeural,MAE,814107.5651413098
94,RedeNeural,MAE,814108.6625977232
95,RedeNeural,MAE,814108.5532231247
96,RedeNeural,MAE,814111.0990822106
97,RedeNeural,MAE,814112.5956558094
98,RedeNeural,MAE,814111.8635545697
99,RedeNeural,MAE,807263.5848403447
100,RedeNeural,MAE,807481.1656060303
101,RedeNeural,MAE,807305.51487532
102,RedeNeural,MAE,813894.4878564132
103,RedeNeural,MAE,813893.5041637755
104,RedeNeural,MAE,813893.5750304105
105,RedeNeural,MAE,813899.1505698488
106,RedeNeural,MAE,813898.8462943361
107,RedeNeural,MAE,813898.3558496843
108,RedeNeural,MAE,567974.3417792069
109,RedeNeural,MAE,614135.2473448368
110,RedeNeural,MAE,555177.6901836729
111,RedeNeural,MAE,814221.2965983341
112,RedeNeural,MAE,814222.1258441189
113,RedeNeural,MAE,814222.8540749132
114,RedeNeural,MAE,814248.2306571425
115,RedeNeural,MAE,814246.5604624163
116,RedeNeural,MAE,814245.7794475221
117,RedeNeural,MAE,299262.92745596904
118,RedeNeural,MAE,275931.70000417606
119,RedeNeural,MAE,281475.9764661287
120,RedeNeural,MAE,814119.4731112028
121,RedeNeural,MAE,814120.628331703
122,RedeNeural,MAE,814124.8109559845
123,RedeNeural,MAE,814160.0482040539
124,RedeNeural,MAE,814183.415730192
125,RedeNeural,MAE,814176.7605058771
126,RedeNeural,MAE,242247.04110128837
127,RedeNeural,MAE,241711.83305921053
128,RedeNeural,MAE,251705.48966043038
129,RedeNeural,MAE,813919.840038768
130,RedeNeural,MAE,813925.2544464647
131,RedeNeural,MAE,813926.5631766068
132,RedeNeural,MAE,814066.0457147966
133,RedeNeural,MAE,814080.1285322758
134,RedeNeural,MAE,814050.0114422179
135,RedeNeural,MAE,202201.59669682017
136,RedeNeural,MAE,207916.96542626095
137,RedeNeural,MAE,211219.23577987938
138,RedeNeural,MAE,814221.5596145496
139,RedeNeural,MAE,814222.689098057
140,RedeNeural,MAE,814223.392030716
141,RedeNeural,MAE,814254.9732723905
142,RedeNeural,MAE,814245.8573194136
143,RedeNeural,MAE,814252.9530094549
144,RedeNeural,MAE,194537.82123766447
145,RedeNeural,MAE,193433.6208196272
146,RedeNeural,MAE,196781.17886513157
147,RedeNeural,MAE,814120.3763465212
148,RedeNeural,MAE,814122.328136511
149,RedeNeural,MAE,814125.521443618
150,RedeNeural,MAE,814180.114837245
151,RedeNeural,MAE,814174.9867857548
152,RedeNeural,MAE,814184.5730536612
153,RedeNeural,MAE,186098.67441063595
154,RedeNeural,MAE,187055.95874451756
155,RedeNeural,MAE,187040.7855674342
156,RedeNeural,MAE,813922.9420208847
157,RedeNeural,MAE,813925.4721417343
158,RedeNeural,MAE,813930.8952069199
159,RedeNeural,MAE,814094.3211344
160,RedeNeural,MAE,814088.4860127767
161,RedeNeural,MAE,814069.6778660824
162,RedeNeural,MAE,604021.7439623213
163,RedeNeural,MAE,603605.4498436995
164,RedeNeural,MAE,603921.5724901567
165,RedeNeural,MAE,813306.4436902498
166,RedeNeural,MAE,813306.341956423
167,RedeNeural,MAE,813305.2167652866
168,RedeNeural,MAE,813282.7950685736
169,RedeNeural,MAE,813285.9840537623
170,RedeNeural,MAE,813291.0590027926
171,RedeNeural,MAE,439940.7672035234
172,RedeNeural,MAE,441105.9530835988
173,RedeNeural,MAE,439782.84002371837
174,RedeNeural,MAE,812315.7668837162
175,RedeNeural,MAE,812314.2946166992
176,RedeNeural,MAE,812314.7546349241
177,RedeNeural,MAE,812288.1097653038
178,RedeNeural,MAE,812290.9480039362
179,RedeNeural,MAE,812283.9197045042
180,RedeNeural,MAE,286899.9475061517
181,RedeNeural,MAE,286417.17232060013
182,RedeNeural,MAE,288003.3481279005
183,RedeNeural,MAE,810343.8343944884
184,RedeNeural,MAE,810322.2975303248
185,RedeNeural,MAE,810333.859431752
186,RedeNeural,MAE,810291.759848076
187,RedeNeural,MAE,810294.4391458076
188,RedeNeural,MAE,810283.1288762678
189,RedeNeural,MAE,192905.29437362938
190,RedeNeural,MAE,192533.32654879385
191,RedeNeural,MAE,195753.9158785636
192,RedeNeural,MAE,813321.4417767441
193,RedeNeural,MAE,813326.6234784042
194,RedeNeural,MAE,813337.5007977402
195,RedeNeural,MAE,813394.8141830177
196,RedeNeural,MAE,813510.6724302057
197,RedeNeural,MAE,813651.9105749298
198,RedeNeural,MAE,184370.6717379386
199,RedeNeural,MAE,186779.07168311405
200,RedeNeural,MAE,185481.9253700658
201,RedeNeural,MAE,812350.5356488144
202,RedeNeural,MAE,812356.8206829941
203,RedeNeural,MAE,812380.0974163925
204,RedeNeural,MAE,813044.5666546738
205,RedeNeural,MAE,812403.254642955
206,RedeNeural,MAE,813250.8482666016
207,RedeNeural,MAE,180075.20942982455
208,RedeNeural,MAE,179549.36540570174
209,RedeNeural,MAE,180635.4336622807
210,RedeNeural,MAE,810401.2861370957
211,RedeNeural,MAE,810417.0139202988
212,RedeNeural,MAE,810469.1423382675
213,RedeNeural,MAE,812043.2893109238
214,RedeNeural,MAE,812317.8531536972
215,RedeNeural,MAE,812284.8419232285
216,RedeNeural,MAE,178756.96162280702
217,RedeNeural,MAE,180963.78207236843
218,RedeNeural,MAE,190279.46744791666
219,RedeNeural,MAE,813323.1531414902
220,RedeNeural,MAE,813327.2683758652
221,RedeNeural,MAE,813338.5436444199
222,RedeNeural,MAE,813741.1192669785
223,RedeNeural,MAE,813559.6973919785
224,RedeNeural,MAE,813605.1467336019
225,RedeNeural,MAE,175233.13569078947
226,RedeNeural,MAE,177633.81304824562
227,RedeNeural,MAE,181835.7890625
228,RedeNeural,MAE,812346.715946666
229,RedeNeural,MAE,812361.3804974472
230,RedeNeural,MAE,812392.8919720566
231,RedeNeural,MAE,813255.0638470566
232,RedeNeural,MAE,813263.6595501816
233,RedeNeural,MAE,812979.669071666
234,RedeNeural,MAE,173696.20168585525
235,RedeNeural,MAE,174495.64343475876
236,RedeNeural,MAE,176779.5466694079
237,RedeNeural,MAE,810405.5266156113
238,RedeNeural,MAE,810417.5305218613
239,RedeNeural,MAE,810472.055424205
240,RedeNeural,MAE,812254.1010785019
241,RedeNeural,MAE,812414.5471234238
242,RedeNeural,MAE,811936.3623089707
243,RedeNeural,RMSE,1009717.909013653
244,RedeNeural,RMSE,1009711.7021125233
245,RedeNeural,RMSE,1009714.1407967543
246,RedeNeural,RMSE,1009719.2365230874
247,RedeNeural,RMSE,1009719.3677851445
248,RedeNeural,RMSE,1009719.3199860648
249,RedeNeural,RMSE,1009723.2345988518
250,RedeNeural,RMSE,1009723.2600599113
251,RedeNeural,RMSE,1009722.5185423623
252,RedeNeural,RMSE,1009698.028261874
253,RedeNeural,RMSE,1009704.3604335623
254,RedeNeural,RMSE,1009704.1818545137
255,RedeNeural,RMSE,1009709.7848817509
256,RedeNeural,RMSE,1009709.6226079657
257,RedeNeural,RMSE,1009711.1305111181
258,RedeNeural,RMSE,1009716.4899396625
259,RedeNeural,RMSE,1009716.0142152836
260,RedeNeural,RMSE,1009717.7750331088
261,RedeNeural,RMSE,1009661.6825669947
262,RedeNeural,RMSE,1009665.4498816651
263,RedeNeural,RMSE,1009659.3000110617
264,RedeNeural,RMSE,1009692.3017630704
265,RedeNeural,RMSE,1009691.5772781614
266,RedeNeural,RMSE,1009691.4036380649
267,RedeNeural,RMSE,1009708.0251385525
268,RedeNeural,RMSE,1009703.0980658766
269,RedeNeural,RMSE,1009702.7976587887
270,RedeNeural,RMSE,1009495.2943336106
271,RedeNeural,RMSE,1009438.1439625891
272,RedeNeural,RMSE,1009527.680760573
273,RedeNeural,RMSE,1009715.8274402835
274,RedeNeural,RMSE,1009715.0894531058
275,RedeNeural,RMSE,1009715.8727907393
276,RedeNeural,RMSE,1009723.6595995132
277,RedeNeural,RMSE,1009722.9028440742
278,RedeNeural,RMSE,1009723.8159987717
279,RedeNeural,RMSE,1008419.8630988213
280,RedeNeural,RMSE,1008962.7817929661
281,RedeNeural,RMSE,1008586.4882028354
282,RedeNeural,RMSE,1009704.7431188017
283,RedeNeural,RMSE,1009704.7980035823
284,RedeNeural,RMSE,1009705.4965336247
285,RedeNeural,RMSE,1009714.3381184
286,RedeNeural,RMSE,1009717.0164592506
287,RedeNeural,RMSE,1009716.079320095
288,RedeNeural,RMSE,1004873.2715592408
289,RedeNeural,RMSE,1005008.9632656159
290,RedeNeural,RMSE,1005147.0548751412
291,RedeNeural,RMSE,1009684.154637056
292,RedeNeural,RMSE,1009685.6018040655
293,RedeNeural,RMSE,1009686.0231800423
294,RedeNeural,RMSE,1009703.2936860884
295,RedeNeural,RMSE,1009700.1009552235
296,RedeNeural,RMSE,1009704.8922090596
297,RedeNeural,RMSE,1003396.2485945408
298,RedeNeural,RMSE,1004317.7283364235
299,RedeNeural,RMSE,1005411.9914056782
300,RedeNeural,RMSE,1009715.0996015841
301,RedeNeural,RMSE,1009714.9660161218
302,RedeNeural,RMSE,1009716.4691815076
303,RedeNeural,RMSE,1009721.3300379169
304,RedeNeural,RMSE,1009721.0739000506
305,RedeNeural,RMSE,1009721.9886014478
306,RedeNeural,RMSE,966847.82888701
307,RedeNeural,RMSE,955750.9091178749
308,RedeNeural,RMSE,970252.2431134892
309,RedeNeural,RMSE,1009705.2863826422
310,RedeNeural,RMSE,1009706.2325502683
311,RedeNeural,RMSE,1009705.7847434722
312,RedeNeural,RMSE,1009715.9736635749
313,RedeNeural,RMSE,1009715.2878232853
314,RedeNeural,RMSE,1009718.4771853683
315,RedeNeural,RMSE,695883.1569512995
316,RedeNeural,RMSE,656918.495359175
317,RedeNeural,RMSE,685814.6850954881
318,RedeNeural,RMSE,1009685.6506895139
319,RedeNeural,RMSE,1009685.9578861375
320,RedeNeural,RMSE,1009686.3508843022
321,RedeNeural,RMSE,1009703.3097982875
322,RedeNeural,RMSE,1009704.1030559434
323,RedeNeural,RMSE,1009706.3664355113
324,RedeNeural,RMSE,1007855.5595034931
325,RedeNeural,RMSE,1007888.0269085646
326,RedeNeural,RMSE,1007667.4061541914
327,RedeNeural,RMSE,1009638.0331957102
328,RedeNeural,RMSE,1009637.3725906928
329,RedeNeural,RMSE,1009637.4993710232
330,RedeNeural,RMSE,1009640.6092090401
331,RedeNeural,RMSE,1009639.8482058257
332,RedeNeural,RMSE,1009642.3264743845
333,RedeNeural,RMSE,1006059.5164633195
334,RedeNeural,RMSE,1005673.1291321331
335,RedeNeural,RMSE,1005987.0210048277
336,RedeNeural,RMSE,1009550.5132192692
337,RedeNeural,RMSE,1009551.3986432794
338,RedeNeural,RMSE,1009551.3118367271
339,RedeNeural,RMSE,1009553.239713223
340,RedeNeural,RMSE,1009554.4617742213
341,RedeNeural,RMSE,1009553.8682305114
342,RedeNeural,RMSE,1001819.7608602488
343,RedeNeural,RMSE,1002090.8291530835
344,RedeNeural,RMSE,1001905.0233526016
345,RedeNeural,RMSE,1009378.655798383
346,RedeNeural,RMSE,1009377.8608110833
347,RedeNeural,RMSE,1009377.9193985934
348,RedeNeural,RMSE,1009382.2158515634
349,RedeNeural,RMSE,1009381.9751325331
350,RedeNeural,RMSE,1009381.5777149153
351,RedeNeural,RMSE,739024.77712923
352,RedeNeural,RMSE,787827.0104463527
353,RedeNeural,RMSE,727180.4083210974
354,RedeNeural,RMSE,1009642.2766405568
355,RedeNeural,RMSE,1009642.9453927599
356,RedeNeural,RMSE,1009643.5326089989
357,RedeNeural,RMSE,1009663.9970969862
358,RedeNeural,RMSE,1009662.6504109864
359,RedeNeural,RMSE,1009662.0200310517
360,RedeNeural,RMSE,427242.06943716214
361,RedeNeural,RMSE,383498.21339284827
362,RedeNeural,RMSE,398926.78204354004
363,RedeNeural,RMSE,1009560.163438798
364,RedeNeural,RMSE,1009561.0949931216
365,RedeNeural,RMSE,1009564.4679510068
366,RedeNeural,RMSE,1009592.883765477
367,RedeNeural,RMSE,1009611.7278989144
368,RedeNeural,RMSE,1009606.3609632025
369,RedeNeural,RMSE,325646.9558454494
370,RedeNeural,RMSE,326005.250119198
371,RedeNeural,RMSE,338657.8252238522
372,RedeNeural,RMSE,1009399.1843261115
373,RedeNeural,RMSE,1009403.5502533047
374,RedeNeural,RMSE,1009404.6055234291
375,RedeNeural,RMSE,1009517.0786629767
376,RedeNeural,RMSE,1009528.435947325
377,RedeNeural,RMSE,1009504.1493095709
378,RedeNeural,RMSE,290163.9684283753
379,RedeNeural,RMSE,300776.5477482931
380,RedeNeural,RMSE,312100.6931333578
381,RedeNeural,RMSE,1009642.4889976355
382,RedeNeural,RMSE,1009643.3998640788
383,RedeNeural,RMSE,1009643.9667431464
384,RedeNeural,RMSE,1009669.4354687457
385,RedeNeural,RMSE,1009662.0838613862
386,RedeNeural,RMSE,1009667.8062206819
387,RedeNeural,RMSE,277376.7313596284
388,RedeNeural,RMSE,278041.51596967573
389,RedeNeural,RMSE,286989.2585307248
390,RedeNeural,RMSE,1009560.8919900653
391,RedeNeural,RMSE,1009562.4659360173
392,RedeNeural,RMSE,1009565.0410541577
393,RedeNeural,RMSE,1009609.0663354653
394,RedeNeural,RMSE,1009604.9309240226
395,RedeNeural,RMSE,1009612.6615920672
396,RedeNeural,RMSE,269603.6916202789
397,RedeNeural,RMSE,271189.3242971418
398,RedeNeural,RMSE,273084.5133372492
399,RedeNeural,RMSE,1009401.6856540929
400,RedeNeural,RMSE,1009403.725797828
401,RedeNeural,RMSE,1009408.0986527351
402,RedeNeural,RMSE,1009539.8808092109
403,RedeNeural,RMSE,1009535.1754699786
404,RedeNeural,RMSE,1009520.0086523908
405,RedeNeural,RMSE,778798.0338918582
406,RedeNeural,RMSE,778881.2925701896
407,RedeNeural,RMSE,778642.3008801745
408,RedeNeural,RMSE,1008904.6422759412
409,RedeNeural,RMSE,1008904.5605228887
410,RedeNeural,RMSE,1008903.6532363242
411,RedeNeural,RMSE,1008885.5752261764
412,RedeNeural,RMSE,1008888.1464128185
413,RedeNeural,RMSE,1008892.2381622039
414,RedeNeural,RMSE,603787.7218274727
415,RedeNeural,RMSE,602922.3584714876
416,RedeNeural,RMSE,601621.6865896245
417,RedeNeural,RMSE,1008106.199868502
418,RedeNeural,RMSE,1008105.013334021
419,RedeNeural,RMSE,1008105.3843045479
420,RedeNeural,RMSE,1008083.9098275596
421,RedeNeural,RMSE,1008086.1967847854
422,RedeNeural,RMSE,1008080.5327781902
423,RedeNeural,RMSE,409409.65318837226
424,RedeNeural,RMSE,408940.9632771781
425,RedeNeural,RMSE,410208.9694458723
426,RedeNeural,RMSE,1006517.9248078547
427,RedeNeural,RMSE,1006500.5854040296
428,RedeNeural,RMSE,1006509.8940644894
429,RedeNeural,RMSE,1006475.9915173431
430,RedeNeural,RMSE,1006478.1482058595
431,RedeNeural,RMSE,1006469.0410770385
432,RedeNeural,RMSE,276502.0306487935
433,RedeNeural,RMSE,278697.0927624911
434,RedeNeural,RMSE,285701.84071786184
435,RedeNeural,RMSE,1008916.7334855704
436,RedeNeural,RMSE,1008920.9106328274
437,RedeNeural,RMSE,1008929.6792429618
438,RedeNeural,RMSE,1008975.8823272879
439,RedeNeural,RMSE,1009069.2848409582
440,RedeNeural,RMSE,1009183.1543351369
441,RedeNeural,RMSE,268281.62114747777
442,RedeNeural,RMSE,271051.79513032263
443,RedeNeural,RMSE,272055.63969931356
444,RedeNeural,RMSE,1008134.2173650825
445,RedeNeural,RMSE,1008139.2818274536
446,RedeNeural,RMSE,1008158.038271609
447,RedeNeural,RMSE,1008693.5485171292
448,RedeNeural,RMSE,1008176.6986038993
449,RedeNeural,RMSE,1008859.826568589
450,RedeNeural,RMSE,265244.0144505562
451,RedeNeural,RMSE,265297.41751764587
452,RedeNeural,RMSE,267407.8846810961
453,RedeNeural,RMSE,1006564.1817718582
454,RedeNeural,RMSE,1006576.8445105847
455,RedeNeural,RMSE,1006618.8147138512
456,RedeNeural,RMSE,1007886.6559134
457,RedeNeural,RMSE,1008107.882126523
458,RedeNeural,RMSE,1008081.2823734186
459,RedeNeural,RMSE,267279.5632586522
460,RedeNeural,RMSE,271356.1238370093
461,RedeNeural,RMSE,286843.9170953483
462,RedeNeural,RMSE,1008918.1130743008
463,RedeNeural,RMSE,1008921.4305074199
464,RedeNeural,RMSE,1008930.519922466
465,RedeNeural,RMSE,1009255.0800661183
466,RedeNeural,RMSE,1009108.8091350305
467,RedeNeural,RMSE,1009145.4514807401
468,RedeNeural,RMSE,263560.9417632407
469,RedeNeural,RMSE,266041.38234885817
470,RedeNeural,RMSE,274103.5172138404
471,RedeNeural,RMSE,1008131.1394668479
472,RedeNeural,RMSE,1008142.9561213577
473,RedeNeural,RMSE,1008168.3482336239
474,RedeNeural,RMSE,1008863.2247863294
475,RedeNeural,RMSE,1008870.1538842078
476,RedeNeural,RMSE,1008641.2393796257
477,RedeNeural,RMSE,260443.79109580582
478,RedeNeural,RMSE,263454.8514190593
479,RedeNeural,RMSE,266810.9641510065
480,RedeNeural,RMSE,1006567.5958536108
481,RedeNeural,RMSE,1006577.2604378383
482,RedeNeural,RMSE,1006621.1601575479
483,RedeNeural,RMSE,1008056.512390172
484,RedeNeural,RMSE,1008185.798268925
485,RedeNeural,RMSE,1007800.5079840533
486,RedeNeural,R2,-1.8604646257370225
487,RedeNeural,R2,-1.8604294583573249
488,RedeNeural,R2,-1.8604432755541014
489,RedeNeural,R2,-1.8604721472363228
490,RedeNeural,R2,-1.86047289095095
491,RedeNeural,R2,-1.8604726201272488
492,RedeNeural,R2,-1.8604947998839
493,RedeNeural,R2,-1.8604949441436864
494,RedeNeural,R2,-1.8604907427817787
495,RedeNeural,R2,-1.8603519851136583
496,RedeNeural,R2,-1.8603878617740972
497,RedeNeural,R2,-1.860386849982294
498,RedeNeural,R2,-1.860418595656295
499,RedeNeural,R2,-1.8604176762417812
500,RedeNeural,R2,-1.8604262197595518
501,RedeNeural,R2,-1.8604565854555486
502,RedeNeural,R2,-1.8604538900680305
503,RedeNeural,R2,-1.8604638666208801
504,RedeNeural,R2,-1.8601460629340392
505,RedeNeural,R2,-1.8601674068961023
506,RedeNeural,R2,-1.8601325644522229
507,RedeNeural,R2,-1.8603195402532884
508,RedeNeural,R2,-1.860315435522382
509,RedeNeural,R2,-1.8603144517261079
510,RedeNeural,R2,-1.8604086252710275
511,RedeNeural,R2,-1.8603807094647888
512,RedeNeural,R2,-1.860379007422846
513,RedeNeural,R2,-1.8592034591964217
514,RedeNeural,R2,-1.8588797332433824
515,RedeNeural,R2,-1.859386918931003
516,RedeNeural,R2,-1.860452831827458
517,RedeNeural,R2,-1.860448650499042
518,RedeNeural,R2,-1.8604530887766693
519,RedeNeural,R2,-1.8604972078951176
520,RedeNeural,R2,-1.860492920195234
521,RedeNeural,R2,-1.8604980940379208
522,RedeNeural,R2,-1.8531147951548985
523,RedeNeural,R2,-1.856187773777525
524,RedeNeural,R2,-1.8540577353785856
525,RedeNeural,R2,-1.860390029989793
526,RedeNeural,R2,-1.8603903409557154
527,RedeNeural,R2,-1.860394298685304
528,RedeNeural,R2,-1.860444393548605
529,RedeNeural,R2,-1.8604595686430687
530,RedeNeural,R2,-1.8604542589426734
531,RedeNeural,R2,-1.8330813957702463
532,RedeNeural,R2,-1.8338465700762452
533,RedeNeural,R2,-1.8346253836657214
534,RedeNeural,R2,-1.860273381062655
535,RedeNeural,R2,-1.8602815802529111
536,RedeNeural,R2,-1.8602839676380416
537,RedeNeural,R2,-1.8603818178071037
538,RedeNeural,R2,-1.860363728503179
539,RedeNeural,R2,-1.8603908747046893
540,RedeNeural,R2,-1.8247590509194231
541,RedeNeural,R2,-1.8299497290231623
542,RedeNeural,R2,-1.8361198809824422
543,RedeNeural,R2,-1.8604487079988292
544,RedeNeural,R2,-1.860447951123275
545,RedeNeural,R2,-1.8604564678427313
546,RedeNeural,R2,-1.8604840088446815
547,RedeNeural,R2,-1.8604825575963897
548,RedeNeural,R2,-1.8604877401931388
549,RedeNeural,R2,-1.6227247556411628
550,RedeNeural,R2,-1.56286601688564
551,RedeNeural,R2,-1.6412272771110583
552,RedeNeural,R2,-1.8603931080121585
553,RedeNeural,R2,-1.8603984688093362
554,RedeNeural,R2,-1.8603959316246614
555,RedeNeural,R2,-1.8604536603078028
556,RedeNeural,R2,-1.860449774435435
557,RedeNeural,R2,-1.860467844924353
558,RedeNeural,R2,-0.3586547545486094
559,RedeNeural,R2,-0.21076383930211007
560,RedeNeural,R2,-0.3196234468010124
561,RedeNeural,R2,-1.8602818572225948
562,RedeNeural,R2,-1.860283597703035
563,RedeNeural,R2,-1.8602858243090687
564,RedeNeural,R2,-1.8603819090953895
565,RedeNeural,R2,-1.8603864035260158
566,RedeNeural,R2,-1.8603992273768428
567,RedeNeural,R2,-1.8499225286837881
568,RedeNeural,R2,-1.8501061484072272
569,RedeNeural,R2,-1.8488585420616324
570,RedeNeural,R2,-1.860012077728574
571,RedeNeural,R2,-1.8600083351244958
572,RedeNeural,R2,-1.8600090533879716
573,RedeNeural,R2,-1.8600266719462888
574,RedeNeural,R2,-1.8600223605335926
575,RedeNeural,R2,-1.8600364010099173
576,RedeNeural,R2,-1.839774203948751
577,RedeNeural,R2,-1.8375933348204914
578,RedeNeural,R2,-1.8393649571553778
579,RedeNeural,R2,-1.8595162617380643
580,RedeNeural,R2,-1.8595212776048942
581,RedeNeural,R2,-1.8595207858514815
582,RedeNeural,R2,-1.8595317071550572
583,RedeNeural,R2,-1.8595386300673926
584,RedeNeural,R2,-1.8595352676719354
585,RedeNeural,R2,-1.815889773846664
586,RedeNeural,R2,-1.8174138038742522
587,RedeNeural,R2,-1.8163691015789043
588,RedeNeural,R2,-1.8585427844233493
589,RedeNeural,R2,-1.8585382816447313
590,RedeNeural,R2,-1.8585386134820974
591,RedeNeural,R2,-1.8585629484761923
592,RedeNeural,R2,-1.8585615850473385
593,RedeNeural,R2,-1.8585593340808266
594,RedeNeural,R2,-0.5323376100798594
595,RedeNeural,R2,-0.7413986188518287
596,RedeNeural,R2,-0.483613587486055
597,RedeNeural,R2,-1.8600361186791274
598,RedeNeural,R2,-1.8600399074588432
599,RedeNeural,R2,-1.860043234302999
600,RedeNeural,R2,-1.8601591760422114
601,RedeNeural,R2,-1.8601515463084346
602,RedeNeural,R2,-1.8601479748549767
603,RedeNeural,R2,0.48786496964881476
604,RedeNeural,R2,0.5873677643193028
605,RedeNeural,R2,0.5534985738680414
606,RedeNeural,R2,-1.8595709298130143
607,RedeNeural,R2,-1.8595762070554978
608,RedeNeural,R2,-1.8595953148564548
609,RedeNeural,R2,-1.8597562929337763
610,RedeNeural,R2,-1.8598630490985157
611,RedeNeural,R2,-1.85983264402316
612,RedeNeural,R2,0.7024701739576609
613,RedeNeural,R2,0.7018150971861608
614,RedeNeural,R2,0.678220262467556
615,RedeNeural,R2,-1.8586590584721487
616,RedeNeural,R2,-1.8586837874881899
617,RedeNeural,R2,-1.858689764651976
618,RedeNeural,R2,-1.859326860468871
619,RedeNeural,R2,-1.8593911969155865
620,RedeNeural,R2,-1.8592536194875704
621,RedeNeural,R2,0.7637763219094835
622,RedeNeural,R2,0.7461808394574521
623,RedeNeural,R2,0.726708622782891
624,RedeNeural,R2,-1.8600373217764883
625,RedeNeural,R2,-1.8600424822431423
626,RedeNeural,R2,-1.8600456938694858
627,RedeNeural,R2,-1.8601899875811516
628,RedeNeural,R2,-1.860148336489274
629,RedeNeural,R2,-1.8601807569258977
630,RedeNeural,R2,0.7841378417141118
631,RedeNeural,R2,0.7831018946513594
632,RedeNeural,R2,0.7689171329043725
633,RedeNeural,R2,-1.85957505704555
634,RedeNeural,R2,-1.8595839734370814
635,RedeNeural,R2,-1.8595985614912212
636,RedeNeural,R2,-1.8598479706347515
637,RedeNeural,R2,-1.8598245425095583
638,RedeNeural,R2,-1.8598683387276038
639,RedeNeural,R2,0.7960667069880025
640,RedeNeural,R2,0.793660848246923
641,RedeNeural,R2,0.7907667953950404
642,RedeNeural,R2,-1.8586732262124501
643,RedeNeural,R2,-1.8586847817908678
644,RedeNeural,R2,-1.858709550157644
645,RedeNeural,R2,-1.85945603020143
646,RedeNeural,R2,-1.8594293751290696
647,RedeNeural,R2,-1.8593434581268347
648,RedeNeural,R2,-0.7017123698318029
649,RedeNeural,R2,-0.7020762379722878
650,RedeNeural,R2,-0.7010318691523267
651,RedeNeural,R2,-1.8558586187356756
652,RedeNeural,R2,-1.8558581559067018
653,RedeNeural,R2,-1.8558530194831562
654,RedeNeural,R2,-1.8557506753650577
655,RedeNeural,R2,-1.8557652313811746
656,RedeNeural,R2,-1.85578839569204
657,RedeNeural,R2,-0.022833673771452068
658,RedeNeural,R2,-0.019903874245073006
659,RedeNeural,R2,-0.015508185837329602
660,RedeNeural,R2,-1.8513401811148067
661,RedeNeural,R2,-1.8513334691008314
662,RedeNeural,R2,-1.8513355676141017
663,RedeNeural,R2,-1.8512140916477575
664,RedeNeural,R2,-1.8512270282932133
665,RedeNeural,R2,-1.8511949887248194
666,RedeNeural,R2,0.5297242121998534
667,RedeNeural,R2,0.530800334130132
668,RedeNeural,R2,0.5278861215466564
669,RedeNeural,R2,-1.8423626646626738
670,RedeNeural,R2,-1.842264734067844
671,RedeNeural,R2,-1.842317307906503
672,RedeNeural,R2,-1.8421258340338387
673,RedeNeural,R2,-1.8421380143277903
674,RedeNeural,R2,-1.8420865803250446
675,RedeNeural,R2,0.7854971271233799
676,RedeNeural,R2,0.7820778677306357
677,RedeNeural,R2,0.770985732378878
678,RedeNeural,R2,-1.855927071175481
679,RedeNeural,R2,-1.855950719613913
680,RedeNeural,R2,-1.856000362409465
681,RedeNeural,R2,-1.8562619446578652
682,RedeNeural,R2,-1.8567907866217328
683,RedeNeural,R2,-1.8574355781761298
684,RedeNeural,R2,0.7980618808858876
685,RedeNeural,R2,0.7938700781350735
686,RedeNeural,R2,0.7923404400623906
687,RedeNeural,R2,-1.851498673392522
688,RedeNeural,R2,-1.8515273230380904
689,RedeNeural,R2,-1.8516334294293326
690,RedeNeural,R2,-1.8546636775341963
691,RedeNeural,R2,-1.8517389940686186
692,RedeNeural,R2,-1.8556049089674276
693,RedeNeural,R2,0.8026088635282822
694,RedeNeural,R2,0.8025293717946458
695,RedeNeural,R2,0.7993750784344975
696,RedeNeural,R2,-1.8426239259585597
697,RedeNeural,R2,-1.8426954477375728
698,RedeNeural,R2,-1.8429325105982168
699,RedeNeural,R2,-1.8500983946111975
700,RedeNeural,R2,-1.8513496973619898
701,RedeNeural,R2,-1.851199228947468
702,RedeNeural,R2,0.7995675805989247
703,RedeNeural,R2,0.7934069454790361
704,RedeNeural,R2,0.7691511305893253
705,RedeNeural,R2,-1.8559348815474679
706,RedeNeural,R2,-1.8559536628309345
707,RedeNeural,R2,-1.8560051218729208
708,RedeNeural,R2,-1.8578428986228768
709,RedeNeural,R2,-1.857014586616819
710,RedeNeural,R2,-1.8572220758705473
711,RedeNeural,R2,0.8051059573041538
712,RedeNeural,R2,0.801420298113583
713,RedeNeural,R2,0.7892023915024109
714,RedeNeural,R2,-1.8514812618035013
715,RedeNeural,R2,-1.8515481085956864
716,RedeNeural,R2,-1.8516917543775113
717,RedeNeural,R2,-1.855624146493493
718,RedeNeural,R2,-1.8556633727566356
719,RedeNeural,R2,-1.854367609172932
720,RedeNeural,R2,0.8096887421346111
721,RedeNeural,R2,0.805262825879083
722,RedeNeural,R2,0.8002697676161743
723,RedeNeural,R2,-1.8426432093129832
724,RedeNeural,R2,-1.8426977969963723
725,RedeNeural,R2,-1.842945758802617
726,RedeNeural,R2,-1.851059114671565
727,RedeNeural,R2,-1.8517904731133785
728,RedeNeural,R2,-1.8496111978009373
729,RedeNeural,MAPE,99.99758978482568
730,RedeNeural,MAPE,99.99651274860425
731,RedeNeural,MAPE,99.99680765124526
732,RedeNeural,MAPE,99.99767302913148
733,RedeNeural,MAPE,99.99771604559542
734,RedeNeural,MAPE,99.99770644709044
735,RedeNeural,MAPE,99.9984352352502
736,RedeNeural,MAPE,99.99845104699578
737,RedeNeural,MAPE,99.9982964863616
738,RedeNeural,MAPE,99.99401876773291
739,RedeNeural,MAPE,99.99520454465895
740,RedeNeural,MAPE,99.99524698291191
741,RedeNeural,MAPE,99.99563676675929
742,RedeNeural,MAPE,99.99557251568157
743,RedeNeural,MAPE,99.99595712722183
744,RedeNeural,MAPE,99.99695210046774
745,RedeNeural,MAPE,99.99680778167294
746,RedeNeural,MAPE,99.9972437828315
747,RedeNeural,MAPE,99.98772607664692
748,RedeNeural,MAPE,99.9884668929387
749,RedeNeural,MAPE,99.98725309807921
750,RedeNeural,MAPE,99.99184342808181
751,RedeNeural,MAPE,99.99167940605867
752,RedeNeural,MAPE,99.9916240393489
753,RedeNeural,MAPE,99.9950365130148
754,RedeNeural,MAPE,99.99396176315538
755,RedeNeural,MAPE,99.99393196039185
756,RedeNeural,MAPE,99.95716103816792
757,RedeNeural,MAPE,99.94384047925197
758,RedeNeural,MAPE,99.96433705406128
759,RedeNeural,MAPE,99.99651829315411
760,RedeNeural,MAPE,99.99633939865605
761,RedeNeural,MAPE,99.9965296732438
762,RedeNeural,MAPE,99.99841312859
763,RedeNeural,MAPE,99.9982301527281
764,RedeNeural,MAPE,99.99845132970655
765,RedeNeural,MAPE,99.76934639314935
766,RedeNeural,MAPE,99.85974709137652
767,RedeNeural,MAPE,99.78935337460629
768,RedeNeural,MAPE,99.99383372132662
769,RedeNeural,MAPE,99.99384708723463
770,RedeNeural,MAPE,99.99401609352796
771,RedeNeural,MAPE,99.99615579180501
772,RedeNeural,MAPE,99.99680451628596
773,RedeNeural,MAPE,99.99657747144533
774,RedeNeural,MAPE,99.12098914431981
775,RedeNeural,MAPE,99.16360170827743
776,RedeNeural,MAPE,99.17380115262485
777,RedeNeural,MAPE,99.98885235434477
778,RedeNeural,MAPE,99.9892022258751
779,RedeNeural,MAPE,99.98930424726812
780,RedeNeural,MAPE,99.99348303689844
781,RedeNeural,MAPE,99.99271024487103
782,RedeNeural,MAPE,99.99386930057486
783,RedeNeural,MAPE,98.82290062968663
784,RedeNeural,MAPE,99.00218314400462
785,RedeNeural,MAPE,99.19950374008623
786,RedeNeural,MAPE,99.99633696609942
787,RedeNeural,MAPE,99.99630477753684
788,RedeNeural,MAPE,99.99666818402424
789,RedeNeural,MAPE,99.99784440539024
790,RedeNeural,MAPE,99.99778224750081
791,RedeNeural,MAPE,99.99800354988608
792,RedeNeural,MAPE,92.20201718403248
793,RedeNeural,MAPE,90.12519792152766
794,RedeNeural,MAPE,92.78524183708079
795,RedeNeural,MAPE,99.99396277518099
796,RedeNeural,MAPE,99.99419167721084
797,RedeNeural,MAPE,99.99408321588234
798,RedeNeural,MAPE,99.99654816711003
799,RedeNeural,MAPE,99.99638224095155
800,RedeNeural,MAPE,99.9971537556961
801,RedeNeural,MAPE,62.30652550215231
802,RedeNeural,MAPE,62.33050272182157
803,RedeNeural,MAPE,62.12494605790961
804,RedeNeural,MAPE,99.98921238127774
805,RedeNeural,MAPE,99.98928666556004
806,RedeNeural,MAPE,99.98938169828347
807,RedeNeural,MAPE,99.99348440463949
808,RedeNeural,MAPE,99.99367631447791
809,RedeNeural,MAPE,99.99422385822803
810,RedeNeural,MAPE,99.67051874319536
811,RedeNeural,MAPE,99.6810428306191
812,RedeNeural,MAPE,99.63944297741747
813,RedeNeural,MAPE,99.9776987908647
814,RedeNeural,MAPE,99.97753930947609
815,RedeNeural,MAPE,99.97757017056745
816,RedeNeural,MAPE,99.97833674270959
817,RedeNeural,MAPE,99.978152785317
818,RedeNeural,MAPE,99.97875474740557
819,RedeNeural,MAPE,99.35894075543916
820,RedeNeural,MAPE,99.29218904008604
821,RedeNeural,MAPE,99.34862155133449
822,RedeNeural,MAPE,99.95652969584944
823,RedeNeural,MAPE,99.9567438121992
824,RedeNeural,MAPE,99.95672247295559
825,RedeNeural,MAPE,99.95721917610283
826,RedeNeural,MAPE,99.95751116116229
827,RedeNeural,MAPE,99.95736832647368
828,RedeNeural,MAPE,98.62125290302298
829,RedeNeural,MAPE,98.66370342657933
830,RedeNeural,MAPE,98.62943355231808
831,RedeNeural,MAPE,99.91495781207871
832,RedeNeural,MAPE,99.91476589131145
833,RedeNeural,MAPE,99.91477971756007
834,RedeNeural,MAPE,99.91586751853144
835,RedeNeural,MAPE,99.91580815365708
836,RedeNeural,MAPE,99.91571246674204
837,RedeNeural,MAPE,64.99013527701685
838,RedeNeural,MAPE,67.68021540536839
839,RedeNeural,MAPE,64.14856058903447
840,RedeNeural,MAPE,99.97871897292224
841,RedeNeural,MAPE,99.97888076074209
842,RedeNeural,MAPE,99.97902284029765
843,RedeNeural,MAPE,99.98397387169197
844,RedeNeural,MAPE,99.98364801273863
845,RedeNeural,MAPE,99.98349563487994
846,RedeNeural,MAPE,85.94415311365724
847,RedeNeural,MAPE,94.99738994044532
848,RedeNeural,MAPE,90.3873447268012
849,RedeNeural,MAPE,99.95885296902507
850,RedeNeural,MAPE,99.95907835528521
851,RedeNeural,MAPE,99.95989439520507
852,RedeNeural,MAPE,99.9667692658974
853,RedeNeural,MAPE,99.97132832568218
854,RedeNeural,MAPE,99.97002987563002
855,RedeNeural,MAPE,102.17382622714157
856,RedeNeural,MAPE,101.77146307026028
857,RedeNeural,MAPE,101.57787289422495
858,RedeNeural,MAPE,99.91990408299962
859,RedeNeural,MAPE,99.92096044678593
860,RedeNeural,MAPE,99.92121578314139
861,RedeNeural,MAPE,99.94842915723937
862,RedeNeural,MAPE,99.95117674833853
863,RedeNeural,MAPE,99.94530083262086
864,RedeNeural,MAPE,97.61446002832224
865,RedeNeural,MAPE,95.78877729251218
866,RedeNeural,MAPE,92.57287706846232
867,RedeNeural,MAPE,99.97877028800983
868,RedeNeural,MAPE,99.97899065292165
869,RedeNeural,MAPE,99.97912779675097
870,RedeNeural,MAPE,99.98528937192248
871,RedeNeural,MAPE,99.98351082787072
872,RedeNeural,MAPE,99.98489521383101
873,RedeNeural,MAPE,99.15156113324649
874,RedeNeural,MAPE,98.20495457227517
875,RedeNeural,MAPE,95.54535348062016
876,RedeNeural,MAPE,99.95902919237845
877,RedeNeural,MAPE,99.95940999123573
878,RedeNeural,MAPE,99.96003301302785
879,RedeNeural,MAPE,99.97068431363745
880,RedeNeural,MAPE,99.96968381862634
881,RedeNeural,MAPE,99.97155412223655
882,RedeNeural,MAPE,98.7022019355594
883,RedeNeural,MAPE,98.33364100850358
884,RedeNeural,MAPE,97.00536983238231
885,RedeNeural,MAPE,99.92050928706949
886,RedeNeural,MAPE,99.9210029196495
887,RedeNeural,MAPE,99.92206097253244
888,RedeNeural,MAPE,99.95394575868232
889,RedeNeural,MAPE,99.95280731261086
890,RedeNeural,MAPE,99.94913779857187
891,RedeNeural,MAPE,66.57790453985571
892,RedeNeural,MAPE,66.45123579578
893,RedeNeural,MAPE,66.57631280206118
894,RedeNeural,MAPE,99.80022900023157
895,RedeNeural,MAPE,99.80020915172064
896,RedeNeural,MAPE,99.7999896242606
897,RedeNeural,MAPE,99.79561509804043
898,RedeNeural,MAPE,99.79623727661607
899,RedeNeural,MAPE,99.79722741121127
900,RedeNeural,MAPE,66.60281876687105
901,RedeNeural,MAPE,67.23038277799961
902,RedeNeural,MAPE,67.19735031542876
903,RedeNeural,MAPE,99.60694560507493
904,RedeNeural,MAPE,99.60665836228722
905,RedeNeural,MAPE,99.60674811293421
906,RedeNeural,MAPE,99.60154963566113
907,RedeNeural,MAPE,99.60210338275154
908,RedeNeural,MAPE,99.60073214485897
909,RedeNeural,MAPE,88.20117584352374
910,RedeNeural,MAPE,88.07701884339319
911,RedeNeural,MAPE,88.43552355967881
912,RedeNeural,MAPE,99.2222168983726
913,RedeNeural,MAPE,99.21801500508197
914,RedeNeural,MAPE,99.22027075947892
915,RedeNeural,MAPE,99.21205703083005
916,RedeNeural,MAPE,99.21257976817367
917,RedeNeural,MAPE,99.21037310775486
918,RedeNeural,MAPE,98.58749246964739
919,RedeNeural,MAPE,97.11650120087528
920,RedeNeural,MAPE,95.08400606213456
921,RedeNeural,MAPE,99.80315516248686
922,RedeNeural,MAPE,99.8041661247734
923,RedeNeural,MAPE,99.80628831558033
924,RedeNeural,MAPE,99.81747029301361
925,RedeNeural,MAPE,99.84007451189281
926,RedeNeural,MAPE,99.86763040899046
927,RedeNeural,MAPE,98.52637094167555
928,RedeNeural,MAPE,98.15989525232513
929,RedeNeural,MAPE,96.91663616066131
930,RedeNeural,MAPE,99.61372907362819
931,RedeNeural,MAPE,99.61495529870675
932,RedeNeural,MAPE,99.61949664461265
933,RedeNeural,MAPE,99.74913616933468
934,RedeNeural,MAPE,99.62401467445132
935,RedeNeural,MAPE,99.78938220118768
936,RedeNeural,MAPE,98.37050427497938
937,RedeNeural,MAPE,98.24155504262974
938,RedeNeural,MAPE,97.04856693133574
939,RedeNeural,MAPE,99.23342586964915
940,RedeNeural,MAPE,99.23649439746343
941,RedeNeural,MAPE,99.24666477547439
942,RedeNeural,MAPE,99.55378458421924
943,RedeNeural,MAPE,99.60735264129752
944,RedeNeural,MAPE,99.60091207191985
945,RedeNeural,MAPE,96.23864041711875
946,RedeNeural,MAPE,94.75731566489061
947,RedeNeural,MAPE,90.4659753649442
948,RedeNeural,MAPE,99.80348905380872
949,RedeNeural,MAPE,99.80429194579794
950,RedeNeural,MAPE,99.8064917774415
951,RedeNeural,MAPE,99.88503523644067
952,RedeNeural,MAPE,99.84963939823753
953,RedeNeural,MAPE,99.85850667260864
954,RedeNeural,MAPE,97.77815239591871
955,RedeNeural,MAPE,96.31026381781966
956,RedeNeural,MAPE,93.60259128887097
957,RedeNeural,MAPE,99.61298384067747
958,RedeNeural,MAPE,99.61584492932391
959,RedeNeural,MAPE,99.62199289277548
960,RedeNeural,MAPE,99.79020467093518
961,RedeNeural,MAPE,99.79188171300662
962,RedeNeural,MAPE,99.73647449693206
963,RedeNeural,MAPE,99.03885973573885
964,RedeNeural,MAPE,97.99438854713418
965,RedeNeural,MAPE,96.06436896449189
966,RedeNeural,MAPE,99.23425319706735
967,RedeNeural,MAPE,99.23659518765385
968,RedeNeural,MAPE,99.24723312545156
969,RedeNeural,MAPE,99.59491446018663
970,RedeNeural,MAPE,99.62621786418016
971,RedeNeural,MAPE,99.53292287247318
